City, State
New York, NY
Los Angeles, CA
Chicago, IL
Houston, TX
Philadelphia, PA
Phoenix, AZ
San Antonio, TX
San Diego, CA
Dallas, TX
San Jose, CA
Austin, TX
Jacksonville, FL
San Francisco, CA
Indianapolis, IN
Columbus, OH
Fort Worth, TX
Charlotte, NC
Seattle, WA
Denver, CO
El Paso, TX
Detroit, MI
Washington, District of Columbia
Boston, MA
Memphis, TN
Nashville, TN
Portland, OR
Oklahoma City, OK
Las Vegas, NV
Baltimore, MD
Louisville, KY
Milwaukee, WI
Albuquerque, NM
Tucson, AZ
Fresno, CA
Sacramento, CA
Kansas City, Missouri
Long Beach, CA
Mesa, AZ
Atlanta, GA
Colorado Springs, CO
Virginia Beach, VA
Raleigh, NC
Omaha, NE
Miami, FL
Oakland, CA
Minneapolis, MN
Tulsa, OK
Wichita, KS
New Orleans, LA
Arlington, TX
Cleveland, OH
Bakersfield, CA
Tampa, FL
Aurora, CO
Honolulu, HI
Anaheim, CA
Santa Ana, CA
Corpus Christi, TX
Riverside, CA
St. Louis, MO
Lexington, KY
Stockton, CA
Pittsburgh, PA
Saint Paul, MN
Anchorage, AK
Cincinnati, OH
Henderson, NV
Greensboro, NC
Plano, TX
Newark, NJ
Toledo, OH
Lincoln, NE
Orlando, FL
Chula Vista, CA
Jersey City, NJ
Chandler, AZ
Fort Wayne, IN
Buffalo, NY
Durham, NC
St. Petersburg, FL
Irvine, CA
Laredo, TX
Lubbock, TX
Madison, WI
Gilbert, AZ
Norfolk, VA
Reno, NV
Winstonï¿½Salem, NC
Glendale, AZ
Hialeah, FL
Garland, TX
Scottsdale, AZ
Irving, TX
Chesapeake, VA
North Las Vegas, NV
Fremont, CA
Baton Rouge, LA
Richmond, VA
Boise, ID
San Bernardino, CA
Spokane, WA
Birmingham, AL
Modesto, CA
Des Moines, IA
Rochester, NY
Tacoma, WA
Fontana, CA
Oxnard, CA
Moreno Valley, CA
Fayetteville, NC
Huntington Beach, CA
Yonkers, NY
Glendale, CA
Aurora, IL
Montgomery, AL
Columbus, GA
Amarillo, TX
Little Rock, AR
Akron, OH
Shreveport, LA
Augusta, GA
Grand Rapids, MI
Mobile, AL
Salt Lake City, UT
Huntsville, AL
Tallahassee, FL
Grand Prairie, TX
Overland Park, KS
Knoxville, TN
Worcester, MA
Brownsville, TX
Newport News, VA
Santa Clarita, CA
Port St. Lucie, FL
Providence, RI
Fort Lauderdale, FL
Chattanooga, TN
Tempe, AZ
Oceanside, CA
Garden Grove, CA
Rancho Cucamonga, CA
Cape Coral, FL
Santa Rosa, CA
Vancouver, WA
Sioux Falls, SD
Peoria, AZ
Ontario, CA
Jackson, MS
Elk Grove, CA
Springfield, MO
Pembroke Pines, FL
Salem, OR
Corona, CA
Eugene, OR
McKinney, TX
Fort Collins, CO
Lancaster, CA
Cary, NC
Palmdale, CA
Hayward, CA
Salinas, CA
Frisco, TX
Springfield, MA
Pasadena, TX
Macon, GA
Alexandria, VA
Pomona, CA
Lakewood, CO
Sunnyvale, CA
Escondido, CA
Kansas City, KS
Hollywood, FL
Clarksville, TN
Torrance, CA
Rockford, IL
Joliet, IL
Paterson, NJ
Bridgeport, CT
Naperville, IL
Savannah, GA
Mesquite, TX
Syracuse, NY
Pasadena, CA
Orange, CA
Fullerton, CA
Killeen, TX
Dayton, OH
McAllen, TX
Bellevue, WA
Miramar, FL
Hampton, VA
West Valley City, UT
Warren, MI
Olathe, KS
Columbia, SC
Thornton, CO
Carrollton, TX
Midland, TX
Charleston, SC
Waco, TX
Sterling Heights, MI
Denton, TX
Cedar Rapids, IA
New Haven, CT
Roseville, CA
Gainesville, FL
Visalia, CA
Coral Springs, FL
Thousand Oaks, CA
Elizabeth, NJ
Stamford, CT
Concord, CA
Surprise, AZ
Lafayette, LA
Topeka, KS
Kent, WA
Simi Valley, CA
Santa Clara, CA
Murfreesboro, TN
Hartford, CT
Athens, GA
Victorville, CA
Abilene, TX
Vallejo, CA
Berkeley, CA
Norman, OK
Allentown, PA
Evansville, IN
Columbia, MO
Odessa, TX
Fargo, ND
Beaumont, TX
Independence, MO
Ann Arbor, MI
El Monte, CA
Springfield, IL
Round Rock, TX
Wilmington, NC
Arvada, CO
Provo, UT
Peoria, IL
Lansing, MI
Downey, CA
Carlsbad, CA
Costa Mesa, CA
Miami Gardens, FL
Westminster, CO
Clearwater, FL
Fairfield, CA
Rochester, MN
Elgin, IL
Temecula, CA
West Jordan, UT
Inglewood, CA
Richardson, TX
Lowell, MA
Gresham, OR
Antioch, CA
Cambridge, MA
High Point, NC
Billings, MT
Manchester, NH
Murrieta, CA
Centennial, CO
Richmond, CA
Ventura, CA
Pueblo, CO
Pearland, TX
Waterbury, CT
West Covina, CA
North Charleston, SC
Everett, WA
College Station, TX
Palm Bay, FL
Pompano Beach, FL
Boulder, CO
Norwalk, CA
West Palm Beach, FL
Broken Arrow, OK
Daly City, CA
Sandy Springs, GA
Burbank, CA
Green Bay, WI
Santa Maria, CA
Wichita Falls, TX
Lakeland, FL
Clovis, CA
Lewisville, TX
Tyler, TX
El Cajon, CA
San Mateo, CA
Rialto, CA
Edison, NJ
Davenport, IA
Hillsboro, OR
Woodbridge, NJ
Las Cruces, NM
South Bend, IN
Vista, CA
Greeley, CO
Davie, FL
San Angelo, TX
Jurupa Valley, CA
Renton, WA
